Filename,Predicted Genre,Confidence (%)
(I_Don't_Even)_Need_Your_Love_-_Chalk_CIty_spectrogram.png,Electronic,22.785055
01-_Luminiscencia_-_Helen_amp_Shanna_(2)_spectrogram.png,Electronic,28.423155
03_Double_dream_-_Botanica_magia (1)_spectrogram.png,Electronic,40.943947
03_Double_dream_-_Botanica_magia_spectrogram.png,Electronic,39.50736
06_Space_dolphins_-_Botanica_magia (1)_spectrogram.png,Other,64.485275
06_Space_dolphins_-_Botanica_magia_spectrogram.png,Other,65.749344
09-Puppa_Nadem_feat_Jamanle_-_La_Technique_-_Selecta_Dje_aka_ProphetDje_spectrogram.png,Pop,21.330048
1._B-eiger_-_Happy!_-_B-eiger_spectrogram.png,Other,20.17251
10-Welan_Edvee_-_E.R.P.L.V_-_Welan_Edvee_(3)_spectrogram.png,Other,62.441505
100%_Housegemacht_-_DJ_Soulblade_spectrogram.png,Other,42.38086
12_Clear_water_-_Botanica_magia_spectrogram.png,Other,52.56108
20th_November_1983_-_Hawk_spectrogram.png,Other,30.466007
2Inventions_-_0db_-_Adelaide_(8f_Remaster)_spectrogram.png,Other,33.52227
"30,000_Miles_-_Semme_Automatic_(2)_spectrogram.png",Other,31.15479
3AM_-_the.madpix.project_spectrogram.png,Pop,23.731937
4anewbegining_(Psy)_-_xl.ant_spectrogram.png,Other,27.017828
5_O_clock_High_-_Kinematic_spectrogram.png,Other,45.688435
Abigail_Christine_Hill_-_Backstabber_spectrogram.png,Electronic,19.557045
Abstract_Energy_Flight_-_AudioJam_spectrogram.png,Other,45.90602
Acceptance_-_Evgenia_Kostitsyna_spectrogram.png,Classical,69.60449
Aching_-_Alles_spectrogram.png,Other,27.124628
Acid_(Redux)_-_The_Devil_Music_Co._(2)_spectrogram.png,Classical,41.77483
Acrylic_-_Michael_Ellis_spectrogram.png,Other,29.175934
African_Dance_-_T-Trider_(2)_spectrogram.png,Other,26.307062
African_Journey_(original_version)_-_T-Trider_(2)_spectrogram.png,Other,41.889072
African_Mbira_with_Percussion_-_AkashicRecords_spectrogram.png,Other,49.192924
African_Safari_-_Alexiaction_spectrogram.png,Other,43.200607
africa_-_alessandro_ricci_(2)_spectrogram.png,Other,51.086933
Africa_-_mickeyhuc_spectrogram.png,Other,25.923985
Africa_The_Cradle_of_Life_(Epic_Version)_-_gregoire.lourme_spectrogram.png,Electronic,27.640919
Agharta_-_Vince_van_Soth_spectrogram.png,Other,51.037586
alessandro_simonetto_satie_early_and_esoteric_works_i_09_trois_gnossiennes_i._lent_-_Aleksandra_Mikulska_spectrogram.png,Classical,38.356827
Alexiaction_-_Meditation (1)_spectrogram.png,Other,81.28537
Alexiaction_-_Meditation_spectrogram.png,Other,81.52767
Alex_Davletshin_-_Prelude_in_C (1)_spectrogram.png,Classical,69.57308
Alex_Davletshin_-_Prelude_in_C_spectrogram.png,Classical,69.16284
Alfonso_Lugo_(Feat._Jasmine_Crowe)_-_Alfonso_Lugo_spectrogram.png,Pop,35.759823
All_I_Know_-_NF_GS (1)_spectrogram.png,Other,25.698524
All_I_Know_-_NF_GS_spectrogram.png,Other,25.58308
All_I_Want_-_Esteban_Campbell (1)_spectrogram.png,Pop,28.796928
All_I_Want_-_Esteban_Campbell_spectrogram.png,Pop,28.224909
All_My_Love_In_Vain_-_Hot_Fiction_spectrogram.png,Pop,31.62419
All_Novels_-_HonH_spectrogram.png,Pop,34.684772
All_The_Best_-_EJAY_IVAN_LAC_spectrogram.png,Electronic,29.23147
All_The_Way_-_Just_Matthew_spectrogram.png,Electronic,22.233828
Alone_-_Saint_Rel_(2)_spectrogram.png,Electronic,46.421627
Alone_Tonight_-_kydbrown_spectrogram.png,Pop,27.344343
Always_-_THE_DLX (1)_spectrogram.png,Pop,25.043737
Always_-_THE_DLX (2)_spectrogram.png,Pop,24.976799
Always_-_THE_DLX (3)_spectrogram.png,Pop,24.969822
Always_-_THE_DLX_spectrogram.png,Pop,25.534037
Always_Leaving_-_Color_Out_spectrogram.png,Other,27.238056
Ambient_Harp_-_Raw_Vibrations (1)_spectrogram.png,Other,68.467316
Ambient_Harp_-_Raw_Vibrations_spectrogram.png,Other,69.83953
Ambient_Meditation_-_YellowTea_spectrogram.png,Other,88.509735
Ambient_Relax_Meditation_-_DmitriyTaras_(2) (1)_spectrogram.png,Other,78.194695
Ambient_Relax_Meditation_-_DmitriyTaras_(2)_spectrogram.png,Other,77.73205
Amina_-_P_Steve_Officiel_(3)_spectrogram.png,Electronic,36.83809
Aminolen_-_Tears_spectrogram.png,Other,28.876236
Amnesia_-_SloUCobra_a.k.a._Umberto_spectrogram.png,Electronic,25.558393
Amor_Pletórico_-_Living_Camboya_spectrogram.png,Electronic,23.776344
Anitek_-_TimesUp_feat._Tab_spectrogram.png,Other,20.317762
Anomaly_Villain_-_MaC_Asylum_spectrogram.png,Pop,24.73647
Another_Way_Out_-_Square_a_Saw_spectrogram.png,Pop,25.793243
Answer_-_Square_a_Saw_spectrogram.png,Pop,25.155602
Anyway_-_the.madpix.project_spectrogram.png,Pop,21.478085
An_Empty_Room_-_Caleb_Lemond_spectrogram.png,Electronic,27.52491
Aria_-_Suite_n°3_pour_orchestre_en_ré_majeur_de_J-S_Bach_(Arietys_Remix)_-_arietys_spectrogram.png,Electronic,18.480017
ARMA_-_Speaker_System_spectrogram.png,Electronic,39.501343
Arna_Maeve_-_Use (1)_spectrogram.png,Pop,25.124752
Arna_Maeve_-_Use_spectrogram.png,Pop,25.564226
Arom_-_Picture_spectrogram.png,Pop,32.28081
Arto_Kumanto_-_Triplet_Droplet_spectrogram.png,Other,50.25162
ARVIVAL_-_Sunset_Cafe_spectrogram.png,Other,26.306015
Asa_Taura_-_Guides_Song_II (1)_spectrogram.png,Other,93.89404
Asa_Taura_-_Guides_Song_II_spectrogram.png,Other,93.88907
Ashot_Danielyan_Composer_-_Airy_Day_In_Colombo_(Meditative_Relaxing)_spectrogram.png,Other,89.11055
Ashot_Danielyan_Composer_-_Airy_Morning_(Meditative_Relaxing) (1)_spectrogram.png,Other,92.71275
As_I_Am_-_joshwoodward_spectrogram.png,Other,30.143496
As_The_Sky_Opens_Below_Me_-_Tonepoet (1)_spectrogram.png,Other,59.21595
As_The_Sky_Opens_Below_Me_-_Tonepoet_spectrogram.png,Other,59.102486
A_Break_in_the_Clouds_-_PNFA_spectrogram.png,Electronic,26.448399
A_Common_Tale_-_Radio_Star_spectrogram.png,Pop,37.813816
A_l'ancienne_-_DR_GROOVE_GANG (1)_spectrogram.png,Other,23.135374
A_l'ancienne_-_DR_GROOVE_GANG (2)_spectrogram.png,Other,23.232801
A_l'ancienne_-_DR_GROOVE_GANG_spectrogram.png,Other,23.597698
A_Lonely_Road_-_Caleb_Lemond (1)_spectrogram.png,Electronic,23.486422
A_Lonely_Road_-_Caleb_Lemond_spectrogram.png,Electronic,23.725777
A_Night_Just_Like_Tonight_-_Lawrence_Beamen_spectrogram.png,Pop,20.62501
A_Step_Closer_To_Your_Room_-_Ping_Pong_Club_spectrogram.png,Other,24.817062
Bach_Ave_Maria_Jazz_Piano_-_ABSounds_(3)_spectrogram.png,Other,73.44892
Background_Music_Lofi_Hip_Hop_Beat_Chill_Lofi_Chill_jazz_lofi_type_beat_-_PeryCreep_spectrogram.png,Other,46.418545
Badis_Latitude_Goove_-_Christhelik_(2)_spectrogram.png,Other,89.39939
Bad_Impression_-_West_Coast_Weekend_spectrogram.png,Pop,31.283157
Ballyhoo_-_Barefoot_McCoy_spectrogram.png,Electronic,27.427816
Barry_-_Mud_On_Road__ENGINEER_(MASTER)_v2_-_UNSCANNABLE_spectrogram.png,Other,46.073742
BASXHKZIR_-_BASXHKZIR_-_Dancing_spectrogram.png,Electronic,20.331005
BASXHKZIR_-_BASXHKZIR_-_Together_spectrogram.png,Pop,23.178682
Beach_party_-_Lukas_(3)_spectrogram.png,Other,76.37712
Beautiful_Lounge_-_Sergey_Gulevich_spectrogram.png,Other,42.585995
Beauty_of_the_sunset_-_Dan_Davies_spectrogram.png,Electronic,34.447433
Been_Waiting_(feat._Rebekka_Salomea)_-_JAIEF_ASONG_(2)_spectrogram.png,Other,25.182364
Before_Battle_-_Anton_Kowalski_spectrogram.png,Other,55.28271
Benz_Truck_ft._Swagg_Milly_-_Ralph_Da_God_(3)_spectrogram.png,Pop,23.963596
Berool_-_Soundbathing_-_Chill_Lo-Fi_Hip-Hop_spectrogram.png,Pop,18.60721
Be_Alright_-_Blueice_DJ_spectrogram.png,Pop,23.425945
Big_Spenders_-_Ralph_Da_God_(3)_spectrogram.png,Pop,21.518
Blockbuster_Trailer_-_soundside_spectrogram.png,Other,22.586851
Blood_-_All_My_Friends_Hate_Me (1)_spectrogram.png,Other,25.290764
Blood_-_All_My_Friends_Hate_Me (2)_spectrogram.png,Other,25.298054
Blood_-_All_My_Friends_Hate_Me_spectrogram.png,Other,25.605042
Blow_Your_Ashes_Away_-_Studio_in_the_Sticks_(2)_spectrogram.png,Electronic,41.32537
blue_monday_evening_piano_jazz_session_-_Piano_Dreamer_(2)_spectrogram.png,Classical,76.1078
Body_-_Klassik_Frescobar_spectrogram.png,Pop,34.95803
Body_Up_Dj_Wallace_-_dj_wallace_spectrogram.png,Pop,25.794052
Bohemia_-_Bellevue_spectrogram.png,Electronic,18.430508
Bonus_track_2_-_(Heaven_for_us_is_under_the_shadow_of_spears)_-_Ivan_Tregub_spectrogram.png,Other,31.634722
Bonzo_-_Living_Camboya_spectrogram.png,Other,32.217014
Boomerang_-_HoneyChrome_spectrogram.png,Other,28.11397
Born_Again_-_grace.valhalla_spectrogram.png,Other,53.017677
Boulvard_X-Audi_-_Make_a_level_spectrogram.png,Other,25.796286
Boulvard_X-Audi_-_My_inspiration_for_the_day_spectrogram.png,Classical,52.073307
Bradley_Peck_-_the_most_of_tonight (1)_spectrogram.png,Pop,18.67575
Bradley_Peck_-_the_most_of_tonight_spectrogram.png,Pop,18.873375
Breathe_-_Bellevue_spectrogram.png,Electronic,19.986729
Breathe_-_George_Capon_spectrogram.png,Pop,31.002823
Breathe_-_Snowflake_ccMixter_spectrogram.png,Electronic,33.432102
breath_of_time_-_Sylwar_spectrogram.png,Other,31.824102
Breath_of_Wind_-_Decision_Space_spectrogram.png,Other,54.514267
Buck_Slenderly_-_Balance_(Produced_by_Lazuli)_spectrogram.png,Electronic,29.784948
Bulbasound_-_Beautiful_Sleep_Music (1)_spectrogram.png,Other,87.63271
Bulbasound_-_Beautiful_Sleep_Music_spectrogram.png,Other,87.77043
Burn_With_Me_-_Absolution_Free_spectrogram.png,Pop,25.048374
Butterfly_-_Cafe_Del_Chillia_spectrogram.png,Pop,26.10727
b_å_r_k_a_(feat._bARTek)_-_Tab_(2) (1)_spectrogram.png,Electronic,21.605757
b_å_r_k_a_(feat._bARTek)_-_Tab_(2)_spectrogram.png,Electronic,20.8493
Calm_Lo_Fi_-_Dmitriy_(2)_spectrogram.png,Other,40.104218
Can't_Dance_To_Your_Rhythm_-_Junk_Love (1)_spectrogram.png,Electronic,31.140957
Can't_Dance_To_Your_Rhythm_-_Junk_Love_spectrogram.png,Electronic,31.518185
Can't_Have_It_-_NF_GS_spectrogram.png,Electronic,28.600206
Carbon_Casca_-_Coming_Up_(Feat._Gee_Flaggz)[Prod._By_Carbon_Casca]_-_Carbon_Casca_spectrogram.png,Pop,25.999216
Carbon_Casca_-_Coming_Up_(Feat._Gee_Flaggz)_-_Carbon_Casca_spectrogram.png,Pop,28.773045
"Carbon_Casca_-_Heart_Broken_(Feat._Leslie_Carron,_TaBBz_&amp;_Davonia)_-_Carbon_Casca_spectrogram.png",Other,21.193962
Cards._-_ERIKSON_spectrogram.png,Electronic,34.34907
Carlos_Carty_-_PIECES_OF_REDEMPTION_spectrogram.png,Other,76.51355
Caroline_(strings)_-_The_Vow_spectrogram.png,Other,21.943317
Catch_Up_to_Me_-_lillywolf_spectrogram.png,Pop,25.653502
Caught-off-guard_-_PTOWN1200_spectrogram.png,Other,22.319687
Cephas_-_Bigger_Picture_spectrogram.png,Other,42.459656
Cephas_-_Cephas_-_Feel_The_Bass_(Official_Audio)_spectrogram.png,Other,26.95786
Cephas_-_Euphoric_spectrogram.png,Other,70.539635
Cephas_-_In_Place_spectrogram.png,Other,29.71257
Cephas_-_Moonlight_spectrogram.png,Other,51.60805
Cephas_-_Too_Far_Away_spectrogram.png,Other,27.010874
Cerebro_reptiliano(Prod.K.El_Nigromante)_-_Edfish_(3)_spectrogram.png,Electronic,24.864845
Chains_-_Lower_Loveday (1)_spectrogram.png,Pop,26.121183
Chains_-_Lower_Loveday (2)_spectrogram.png,Pop,26.00584
Chains_-_Lower_Loveday_spectrogram.png,Pop,25.455137
Chances_-_The_Devil_Music_Co._(2)_spectrogram.png,Electronic,18.944403
Channeling_-_MauMouse_spectrogram.png,Other,76.7603
Cheat_On_Life_-_The_Spin_Wires_(2)_spectrogram.png,Other,39.606495
CHEMICALS_-_Glass_Violet (1)_spectrogram.png,Pop,32.4666
CHEMICALS_-_Glass_Violet_spectrogram.png,Pop,32.085712
Cherry_Pie_Ft._Zio_-_Kidd_Young_spectrogram.png,Other,26.570776
Childsanonymous_-_TRENCHES_spectrogram.png,Other,25.658298
Chill_Ambient_Atmosphere_-_Dmitriy_(2) (1)_spectrogram.png,Other,72.97463
Chill_Ambient_Atmosphere_-_Dmitriy_(2)_spectrogram.png,Other,72.98992
Chill_Ocelot_-_The_Cold_City_spectrogram.png,Other,25.360723
ChoiceTune_-_Get_Crazy_spectrogram.png,Other,37.13978
ChoiceTune_-_Move_Your_Body_spectrogram.png,Other,24.036165
Christian_Raab_-_Close_To_You_(feat._Velvet)_spectrogram.png,Electronic,23.043901
christo4us_-_il_colibri_spectrogram.png,Other,43.07952
christo4us_-_luminos_spectrogram.png,Other,74.17438
Cinza_-_gregor_spectrogram.png,Other,31.227982
Circles_-_Color_Out (1)_spectrogram.png,Other,24.877607
Circles_-_Color_Out_spectrogram.png,Other,24.15343
Clair_De_Lune_-_Aurbanni_spectrogram.png,Classical,40.281105
Claude_Debussy_Arabesque_1_-_Abydos_Musique_spectrogram.png,Other,82.73313
Clement_Lauro_-_Driving_Night_spectrogram.png,Other,45.61748
Clement_Lauro_-_Under_The_Rain_spectrogram.png,Other,19.571753
Clockwork_-_Glass_Violet_spectrogram.png,Other,39.284897
Close_To_You_-__(767)_spectrogram.png,Other,54.988735
Closure_-_Acoustic_-_Seth_Power_(2) (1)_spectrogram.png,Electronic,29.71394
Closure_-_Acoustic_-_Seth_Power_(2)_spectrogram.png,Electronic,29.015049
Collective_-_Branton_spectrogram.png,Other,35.848583
Colorful_Creation_-_Decision_Space_spectrogram.png,Electronic,37.63778
Come_Fly_With_Me_-_Monkeyland_(2)_spectrogram.png,Pop,32.52877
Come_On_Over_-_Roam_FM_spectrogram.png,Pop,27.524155
comming_down_-_DeZeL_spectrogram.png,Pop,26.736244
Complimenti_-_Shiva_(2)_spectrogram.png,Pop,31.92951
concrete_jungle_-_DR_GROOVE_GANG_spectrogram.png,Other,23.388721
Confession_-_Quesabe_spectrogram.png,Electronic,19.768562
Contemplation_-_Maxim_Zinov'ev_spectrogram.png,Other,59.30114
"Contener_-_Papicherry_ft._Kali_D,_Jtoonz,_Minor_Tunez_&amp;_Cmelody_-_Papicherry_spectrogram.png",Electronic,26.816076
Control_-_samiebower_(2)_spectrogram.png,Electronic,26.657291
Countosh_-_Niki_J_Crawford_-_The_Second_Truth_-_Niki_J_Crawford (1)_spectrogram.png,Other,26.347229
Countosh_-_Niki_J_Crawford_-_The_Second_Truth_-_Niki_J_Crawford_spectrogram.png,Other,28.138634
Coups_de_soleil_-_whiteyes_spectrogram.png,Other,50.14163
Crazy_About_You_-_Square_a_Saw_spectrogram.png,Pop,43.722515
Creating_new_tyrans_-_Absolution_Free_spectrogram.png,Pop,28.972149
Criminal_-_Axl_amp_Arth_spectrogram.png,Other,25.50213
Crows_-_Hypnocrates_spectrogram.png,Other,28.772333
Crystalline_-_Ping_Pong_Club_spectrogram.png,Pop,32.552765
Cyberpunk_-_Energysound_(3)_spectrogram.png,Pop,20.668833
Dance_With_Me_-_THE_SAME_PERSONS_spectrogram.png,Pop,29.651087
Danny_Van_Taurus_-_Dark_flow_-_Danny_Van_Taurus_spectrogram.png,Other,21.305346
Dave_Imbernon_-_Tree_spectrogram.png,Classical,38.391743
Dawn_-_OhNewDawn_spectrogram.png,Electronic,35.277756
Daydreamer_-_Stefan_Kartenberg_spectrogram.png,Other,81.28938
Day_Ams_-_Soltero_Ft_Milver_L_(Prod_by_Gblobal_Entertainment)_-_Day_Ams_spectrogram.png,Electronic,21.613316
Dead_Weight_-_Villainelle_spectrogram.png,Other,29.039818
Deathless_-_Absolutely_Curtains_spectrogram.png,Other,40.99573
Deep_Church_-_Silent_Workers_-_TransistorBuddha_spectrogram.png,Electronic,23.71159
Deep_Meditation_-_Stock_Studio (1)_spectrogram.png,Other,84.18226
Deep_Meditation_-_Stock_Studio_spectrogram.png,Other,85.23348
Depths_of_a_Soul_-_PaulWernerMusic (1)_spectrogram.png,Other,39.520264
Depths_of_a_Soul_-_PaulWernerMusic_spectrogram.png,Other,39.9461
Depth_of_Night_-_TransistorBuddha (1)_spectrogram.png,Other,64.37733
Depth_of_Night_-_TransistorBuddha_spectrogram.png,Other,63.997913
Desert_Gardens_-_Kosash_spectrogram.png,Other,44.390766
DHDMusic_-_Autumn_Impression_spectrogram.png,Other,80.27108
Different_Me_feat._Fega_Michaels_(Guitar_by_Cmdt._Guile)_-_Doctor_Frost_(3)_spectrogram.png,Other,23.016293
Digital_Wave_-_Rasco_spectrogram.png,Electronic,30.883545
Disobedience_-_Gent_spectrogram.png,Pop,36.222565
Distance_-_Double-F_The_King_spectrogram.png,Electronic,28.916014
Distorted_reality_-_zero-project_spectrogram.png,Other,53.853363
DJ_Alvin_-_Quad_-_Alvin_Production_spectrogram.png,Other,23.440844
Dolo_Tonight_-_Stranger_Things_spectrogram.png,Other,26.682535
Don't_Care_About_You_-_Square_a_Saw_spectrogram.png,Pop,32.887566
Don't_Lock_Me_Out_-_Square_a_Saw_spectrogram.png,Pop,30.70373
Don't_Mind_-_samiebower_(2)_spectrogram.png,Electronic,23.737953
Don't_Wanna_Go_-_THE_DLX (1)_spectrogram.png,Other,23.343187
Don't_Wanna_Go_-_THE_DLX_spectrogram.png,Other,22.822227
Dont_Go_Out_Tonight_-_Kinematic_spectrogram.png,Other,33.20759
Dont_Look_Back_-_Infraction_spectrogram.png,Other,35.01106
Don’t_Talk_to_Me_-_Emily_and_the_Blackouts_spectrogram.png,Other,29.803934
Dorila_y_Mello_-_Popoi_spectrogram.png,Electronic,29.266232
Double_Lyrical_-_Icing_on_the_Cake_(WAV)_-_Double_Lyrical_spectrogram.png,Pop,18.002357
Double_Lyrical_-_Little_Crazy_(WAV)_-_Double_Lyrical_spectrogram.png,Pop,21.713657
Douchuu_-_allmyfaults_spectrogram.png,Other,19.46168
DO_IT_AGAIN_-_EGOR_BUDENNYY_spectrogram.png,Electronic,34.065815
Do_You_Ever_Feel_Sorry_-_the.madpix.project_spectrogram.png,Electronic,19.48671
Do_you_miss_me_-_Midnight_Prefou (1)_spectrogram.png,Electronic,36.38798
Do_you_miss_me_-_Midnight_Prefou_spectrogram.png,Electronic,35.96988
Do_You_Remember_-_GrayMic_spectrogram.png,Other,27.215189
Do_You_Still_Dream_-_Explosive_Ear_Candy_spectrogram.png,Pop,37.373974
DPSTP_-_DPSTP_-_Reason_spectrogram.png,Other,25.19871
Dreadpool_-_Easy_Work_ft._Maya_Miko_spectrogram.png,Pop,22.277433
Dreadpool_-_Let_The_Sunshine_In_spectrogram.png,Electronic,20.404272
Dreamy_road_-_Christian_Petermann_spectrogram.png,Electronic,30.241215
Driftwood_-_The_Imaginary_Suitcase_(2)_spectrogram.png,Electronic,23.632694
Drone_Ambient_-_TheQLon (1)_spectrogram.png,Other,54.265724
Drone_Ambient_-_TheQLon_spectrogram.png,Other,53.694057
Drop_-_Bob_Rocket_music_(2)_spectrogram.png,Other,27.000826
Drum_and_Bass_-_Peanut_spectrogram.png,Pop,35.077797
Dungeon_Dance_-_SublustrisNox_spectrogram.png,Other,42.770912
Duro_Mambo-_Mardito_Licor__(Cover)_-_DURO_MAMBO_spectrogram.png,Electronic,24.461758
Dylan_Hunger_-_Beyond_spectrogram.png,Other,85.01178
Early_-_Shon_Tha_Phenom (1)_spectrogram.png,Other,36.9916
Early_-_Shon_Tha_Phenom_spectrogram.png,Other,37.62267
Early_Morning_-_B3B0CK (1)_spectrogram.png,Other,68.991745
Early_Morning_-_B3B0CK_spectrogram.png,Other,69.29327
Eating_Show_-_Waderman_(2)_spectrogram.png,Electronic,23.048985
Effects_of_Elevation_(Citizen_Prime_Remix)_-_revolutionvoid_spectrogram.png,Other,39.877888
El_Cambio_Definitivo_ft._Dj_Rihla_-_Picatoste_spectrogram.png,Pop,20.510706
El_Capitán_-_Jose_Manuel_Gonzalez_Nunez_(2)_spectrogram.png,Other,41.456753
Emotional_Piano_Ballad_-_FollowMe_(2)_spectrogram.png,Other,91.31323
Emphasize_-_Hannes_Hofkind_(2)_spectrogram.png,Other,53.572266
Emptiness_(Original_Mix)_-_Sun_Spot_(3) (1)_spectrogram.png,Other,60.176476
Emptiness_(Original_Mix)_-_Sun_Spot_(3)_spectrogram.png,Other,59.941853
Empty_the_Bank_-_R._B._Hitz_spectrogram.png,Pop,28.752295
Em_-_Goom (1)_spectrogram.png,Electronic,38.837803
Em_-_Goom_spectrogram.png,Electronic,39.021652
Encephalon_-_VITNE (1)_spectrogram.png,Pop,26.81026
Encephalon_-_VITNE_spectrogram.png,Pop,27.158525
Energetic_Drum_and_Bass_-_AVANT-BEATS_spectrogram.png,Other,54.715847
Energetic_Techno_Rave_Party_-_Alexey_Anisimov_(2)_spectrogram.png,Other,41.243095
Enjoit_-_Roger_Subirana_spectrogram.png,Other,56.14103
Epic_Inspiration_-_newtone_spectrogram.png,Other,24.942572
Epic_Medieval_Battle_-_AkashicRecords_spectrogram.png,Other,34.747395
Epic_Trailer_-_PaulWernerMusic_spectrogram.png,Other,24.706696
Erich_kommt_rein_-_Coehn_Foehrb_spectrogram.png,Electronic,21.104277
Esprit_de_l'arbre_2_-_francesco (1)_spectrogram.png,Other,59.9033
Esprit_de_l'arbre_2_-_francesco_spectrogram.png,Other,62.07058
Eternal_Jungle_-_steve.e_spectrogram.png,Other,69.8385
Ethereal_Ambient_Background_-_Sergey_Gulevich (1)_spectrogram.png,Electronic,33.7918
Ethereal_Ambient_Background_-_Sergey_Gulevich_spectrogram.png,Electronic,35.149876
Eto_Lash_Rakhbo_Kothay_-_Khalid_Sangeet_-_khalidsangeet_spectrogram.png,Other,29.118929
Everything_We_Wanted_-_Pure_Mids (1)_spectrogram.png,Pop,30.06432
Everything_We_Wanted_-_Pure_Mids_spectrogram.png,Pop,30.290222
Every_Moment_-_Arto_Kumanto_(2)_spectrogram.png,Other,39.574776
Evolution_-_corviform_spectrogram.png,Other,40.520996
Exennials_-_The_Plecs_spectrogram.png,Other,29.686106
Eyes_Get_Wide_-_The_Spin_Wires_(2)_spectrogram.png,Other,20.52894
Eyez_On_The_Prize_-_Exmiranda_spectrogram.png,Other,26.771894
Face_Down_-_NF_GS_spectrogram.png,Other,36.375343
Face_to_face_-_bessonnitsa_spectrogram.png,Electronic,19.315483
Facial_-_Solxis_(3)_spectrogram.png,Other,91.55046
Fake_Love_-_Ralph_Da_God_(3)_spectrogram.png,Pop,25.499338
Falling_Apart_-_Square_a_Saw_spectrogram.png,Pop,29.542038
fankel_-_astonishing_zebra_spectrogram.png,Other,27.169353
"Fantasia_No.4,_misterioso_-_peecee_spectrogram.png",Classical,41.20609
Fantasy_-_samiebower_(2)_spectrogram.png,Pop,43.463436
Far_and_Away_-_Sinkhole_(2)_spectrogram.png,Pop,25.35651
Fashion_City_-_xTrain_spectrogram.png,Electronic,32.33417
Fearless_-_Square_a_Saw_spectrogram.png,Pop,35.50721
Feathers_And_Knives_-_AMBand_spectrogram.png,Other,24.95284
Feelin_Dangerous_-_Dacian_Miron_spectrogram.png,Other,30.431873
Feel_Good_-_Minutia_spectrogram.png,Pop,23.068012
Feito_-_Lessky_spectrogram.png,Electronic,22.595568
Fifth_Grade_-_The_Spin_Wires_(2) (1)_spectrogram.png,Pop,41.027744
Fifth_Grade_-_The_Spin_Wires_(2)_spectrogram.png,Pop,41.923065
Fighting_The_Odds_-_Ianwill_spectrogram.png,Other,41.26977
Find_A_Way_-_THE_DLX_spectrogram.png,Electronic,22.282972
Find_You_-_The_Devil_Music_Co._(2)_spectrogram.png,Electronic,45.85962
Fire_fighter_-_Stefan_Kartenberg_spectrogram.png,Other,24.886742
Flowers_(From_Her_Gun)_-_Red_Crickets_spectrogram.png,Pop,26.666006
Flowers_Of_September_-_The_Tangerine_Club_spectrogram.png,Electronic,23.933332
Fluorescence_-_Polytronik_spectrogram.png,Other,42.979927
Flybird_Audio_-_Yoga_Meditation_with_Rain_spectrogram.png,Other,66.958084
flying_down_-_Higgins_(3)_spectrogram.png,Other,76.11219
Force_-_Wordsmith (1)_spectrogram.png,Pop,29.979738
Force_-_Wordsmith_spectrogram.png,Pop,30.849096
Forest_-_B3B0CK (1)_spectrogram.png,Other,75.21213
Forest_-_B3B0CK_spectrogram.png,Other,75.83557
Forever_-_SEKS (1)_spectrogram.png,Pop,31.124651
Forever_-_SEKS_spectrogram.png,Pop,30.230957
Forget_the_Whale_-_Space_Lullaby_spectrogram.png,Electronic,38.494926
Fortadelis_-_Egoist_spectrogram.png,Other,45.034912
Forward._-_ERIKSON_spectrogram.png,Electronic,32.051655
FREE21_-_MAGMA_(4)_spectrogram.png,Electronic,20.190899
Fresh_-_soundshrim_spectrogram.png,Classical,23.216284
Fresh_Body_Shop_-_Messing_with_the_Ugly_Army_spectrogram.png,Pop,29.595684
Fresh_Meat_-_Magnesid_spectrogram.png,Pop,26.304813
Frostbite_-_DART_spectrogram.png,Other,35.043423
FROSTiE_-_G-CODE_-_FROSTiE_spectrogram.png,Other,29.098791
FROSTiE_-_Modern_Day_Slaves_spectrogram.png,Electronic,25.199928
Funk_Soul_Full_-_Avalon_Audio_spectrogram.png,Other,37.687145
Gentle_Classical_Piano_Waltz_-_Raw_Vibrations_spectrogram.png,Other,57.305695
Georgetown_Cafe_-_Popoi_spectrogram.png,Electronic,23.326067
Get_It_(feat._Menoosha)_-_JAIEF_ASONG_(2)_spectrogram.png,Pop,17.96987
GET_IT_-_Archangeur_spectrogram.png,Pop,21.903297
Get_the_flow_-_Beat_scientist_spectrogram.png,Pop,32.402718
Get_Up_-_Seth_Power_(2)_spectrogram.png,Pop,22.058033
"Give_It_All_Back_by_Mallz,_Deron_Alek_&amp;_Cartel_-_cartel_spectrogram.png",Electronic,23.681238
Give_me_life_-_delgarma_spectrogram.png,Electronic,28.691765
Glassberry_-_MOGU_spectrogram.png,Pop,21.201475
Glass_House_-_Rxbyn_spectrogram.png,Electronic,27.609932
Gnosis_Hardware_-_Professor_Kliq (1)_spectrogram.png,Electronic,17.411749
Gnosis_Hardware_-_Professor_Kliq (2)_spectrogram.png,Electronic,17.382345
Gnosis_Hardware_-_Professor_Kliq_spectrogram.png,Electronic,17.4474
Godspeed_-__45. (1)_spectrogram.png,Pop,26.768482
Godspeed_-__45._spectrogram.png,Pop,26.750416
Gold_Sequence_-_Movement_of_Life_(Original_Mix)_-_StockXL_spectrogram.png,Other,37.11885
Good_Man_-_Curtis_Holland_Jr._feat._Kevin_Edlin_spectrogram.png,Other,21.191872
Good_Old_Spider_-_white.owl_spectrogram.png,Other,25.66463
Gospel_-_Tom_Orlando_spectrogram.png,Electronic,20.766476
Go_downtown_-_Bob_Rocket_music_(2)_spectrogram.png,Other,27.498604
Graveyard_-_The_Liquid_Kitchen_(3) (1)_spectrogram.png,Pop,21.529005
Graveyard_-_The_Liquid_Kitchen_(3) (2)_spectrogram.png,Pop,21.461956
Graveyard_-_The_Liquid_Kitchen_(3)_spectrogram.png,Pop,22.293446
Greenland_-_(Ft._The_Madpix_Project)_-_yris_spectrogram.png,Other,23.690626
Grumpynora_-_Ocean_meditation_spectrogram.png,Other,35.766586
Gölden_Palace_-_On_The_Line (1)_spectrogram.png,Pop,28.359035
Gölden_Palace_-_On_The_Line_spectrogram.png,Pop,26.841322
HACERTE_MIA_-_Lessky_spectrogram.png,Other,21.84021
Hangin_On_-_SEKS_spectrogram.png,Pop,20.499279
happy_end_-_Guillaume_Robbe_spectrogram.png,Other,48.09582
Headlights_-_Dan_Plants_spectrogram.png,Other,29.869226
Head_Over_Heels_-_The_Devil_Music_Co._(2)_spectrogram.png,Other,31.444696
Healing_Binaural_Beats_-_AveoAudio_(2)_spectrogram.png,Other,82.4206
Heart_Attack_-_West_Coast_Weekend_spectrogram.png,Electronic,21.260708
Heart_of_a_Lion_(Leo)_-_RENAE_spectrogram.png,Electronic,38.738743
Heart_of_Winter_-_Curtis_Holland_Jr._feat._Kevin_Edlin_spectrogram.png,Electronic,26.094463
Heavy_Radio_-_theleague_spectrogram.png,Pop,23.376686
hefxthoth_-_jazzman_chills_the_thrill_spectrogram.png,Classical,23.875029
hefxthoth_-_leaves_falling_in_fall_spectrogram.png,Other,36.27316
Hello_My_Future_Girlfriend_-_Final_Round (1)_spectrogram.png,Electronic,21.089357
Hello_My_Future_Girlfriend_-_Final_Round (2)_spectrogram.png,Electronic,21.150747
Hello_My_Future_Girlfriend_-_Final_Round_spectrogram.png,Electronic,21.612267
Here_With_You_-_Sam_Garbett (1)_spectrogram.png,Other,24.14069
Here_With_You_-_Sam_Garbett_spectrogram.png,Other,25.403664
Heroes_-_Back_On_Earth_spectrogram.png,Pop,35.59463
Hidden_Hand_-_Tab_(2)_spectrogram.png,Other,25.249588
High_-_M.E.Dx_spectrogram.png,Electronic,24.948542
High_Hopes_-_Color_Out_spectrogram.png,Pop,25.212605
Hipster_Girls_-_The_Spin_Wires_(2)_spectrogram.png,Pop,18.888163
Hola_-_Square_a_Saw_spectrogram.png,Pop,27.809328
Hold_Me_-_Pokki_DJ_(2)_spectrogram.png,Other,22.88068
Home_-_eve_(5)_spectrogram.png,Other,18.944063
Home_-_SevVven_spectrogram.png,Pop,39.59637
Honey_-_Paxton_Pennington_spectrogram.png,Other,24.81152
Honjaro_-_Youssouf_Karembe_spectrogram.png,Other,26.309729
Horizon_-_VITNE_spectrogram.png,Pop,22.772057
How_Do_I_Get_My_Grass_Really_Green_-_Axined_and_Mr._Moohman_spectrogram.png,Electronic,30.536703
How_I_Feel_-_Songwriterz_(2)_spectrogram.png,Pop,33.716537
How_Weird_It_Is..._(Original_Mix)_-_Sun_Spot_(3)_spectrogram.png,Electronic,20.936506
HRCRX_-_Sims_spectrogram.png,Pop,25.00003
Hypnotic_-_freshbodyshop_spectrogram.png,Pop,19.31772
I'm_Gone_-_Hands_of_Attrition_spectrogram.png,Other,41.788433
I'm_Sorry_-_The_Devil_Music_Co._(2)_spectrogram.png,Other,34.461582
Icarus_-_Album_Flight_-_Dan_Davies_spectrogram.png,Other,22.38682
Icebox_-_Pierce_Murphy_spectrogram.png,Other,34.738724
If_I_-_Late_at_Night_-_Dj_Late_at_Night_spectrogram.png,Other,30.731932
If_I_could_go_back_-_enrico.ciabattiagmail.com_spectrogram.png,Electronic,32.55758
If_I_Was_-_Kavi_Jezzie_Hockaday_spectrogram.png,Electronic,39.042286
"Igor_Pumphonia,_DEKU,_ITLP_-_Home_(Radio_Edit)_-_ChillRecords_spectrogram.png",Electronic,24.954456
Igor_Pumphonia_-_Desire_-_ChillRecords_spectrogram.png,Electronic,23.840137
Igor_Pumphonia_-_Happy_(Dub)_-_ChillRecords_spectrogram.png,Other,29.42871
Igor_Pumphonia_-_Igor_Pumphonia_-_Deep_Inside_spectrogram.png,Other,33.29184
Igor_Pumphonia_-_Igor_Pumphonia_-_Sip_The_Vibe_(2nd_Version)_spectrogram.png,Other,20.18983
Igor_Pumphonia_-_Igor_Pumphonia_-_The_Other_Way_(2nd_Version)_spectrogram.png,Other,22.353563
Igor_Pumphonia_-_Le_Compromis_(Dub)_-_ChillRecords_spectrogram.png,Other,49.54453
Igor_Pumphonia_-_Vanishing_Mirage_-_ChillRecords_spectrogram.png,Other,22.656982
Imagine_That_(In_The_Morning)_-_Seth_Power_(2) (1)_spectrogram.png,Pop,35.592575
Imagine_That_(In_The_Morning)_-_Seth_Power_(2)_spectrogram.png,Pop,35.163544
Impression_-_MCKOOL (1)_spectrogram.png,Other,22.319695
Impression_-_MCKOOL (2)_spectrogram.png,Other,22.336294
Impression_-_MCKOOL (3)_spectrogram.png,Other,22.379576
Impression_-_MCKOOL_spectrogram.png,Other,22.59884
Incheon_-_Infraction_spectrogram.png,Electronic,38.468464
Incipiente_-_Maenoba_spectrogram.png,Pop,25.270077
INSECTOID_-_Elric_Virtuoso_spectrogram.png,Pop,26.907434
Inspiring_Chill_-_Sergey_Gulevich_spectrogram.png,Other,74.24219
Intercept_-_Miami_Sheriff_spectrogram.png,Other,70.35744
Internorthernalz_--_where_am_from_-_INTERNOTHERNALZ_spectrogram.png,Pop,23.190863
In_My_Mind_-_Laminar_spectrogram.png,Other,23.272667
In_the_clouds_-_Jacques_NEUEN_spectrogram.png,Other,53.708256
In_the_heart_(piano_version)_-_Syrgi_Romeo_spectrogram.png,Other,49.797028
In_Tune_(J._Glaze_Remix)_-_Kellee_Maize_spectrogram.png,Pop,32.620544
IQ_53_-_predator_spectrogram.png,Other,42.557625
Iron_dinosaurs_-_To_Hope_spectrogram.png,Other,38.04675
IsoNation_drum_and_bass_-_Timofiy_Starenkov_spectrogram.png,Other,51.87311
issa_vibe_-_Rxbyn_spectrogram.png,Other,23.13519
Is_It_Right__-_Lower_Loveday_spectrogram.png,Pop,19.788176
Its_Alright_-_Caleb_Lemond (1)_spectrogram.png,Electronic,22.278587
Its_Alright_-_Caleb_Lemond_spectrogram.png,Electronic,21.954575
It_Be_Like_That_-_Mc'Lain_spectrogram.png,Electronic,27.29372
It_Is_Well_-_The_Devil_Music_Co._(2)_spectrogram.png,Electronic,27.072403
I_dance_to_the_Jazz_of_the_50s_-_Aurbanni_spectrogram.png,Other,34.163048
I_Don't_Wanna_Be_Good_-_Explosive_Ear_Candy_spectrogram.png,Other,25.25888
I_Got_The_Bag_feat_Poetik_&amp;_Big_Myke_-_J_Hustle_spectrogram.png,Electronic,24.939138
"I_Got_Your_Back,_Kid_feat._Howi_Spangler_-_Wes_Anderson_spectrogram.png",Other,32.78988
I_Know_Now_-_Xander_Black_spectrogram.png,Pop,29.756653
I_Try_-_bessonnitsa_spectrogram.png,Pop,36.434002
I_Want_My_Dinner_-_Robo_Dukun (1)_spectrogram.png,Electronic,33.73113
I_Want_My_Dinner_-_Robo_Dukun_spectrogram.png,Electronic,33.566467
I_Was_-_while_(3)_spectrogram.png,Other,32.619133
J.Salazar_-_J.Salazar_-_Mentiras_(By_SavageBeatz)_spectrogram.png,Other,34.883316
Jackson_Frost_-_Melodic_Techno_spectrogram.png,Other,35.504807
Jackson_Frost_-_Tango_spectrogram.png,Other,22.892519
Jamas_decirte_adiós_-_El_Estudiante_(2)_spectrogram.png,Pop,21.940374
January_Summer_-_Stefan_Kartenberg_spectrogram.png,Electronic,39.06072
Jazzfi_-_DJ_Nelson_spectrogram.png,Other,29.683607
Jplucky_-_Shuffle_for_K.M (1)_spectrogram.png,Pop,25.3304
Jplucky_-_Shuffle_for_K.M_spectrogram.png,Pop,25.48373
Juliet_-_Haeresis_(2)_spectrogram.png,Other,29.60343
Julius_Marx_-_Genie_Love_-_Julius_Marx_spectrogram.png,Other,24.403803
Just_A_Fling_-_The_Spin_Wires_(2) (1)_spectrogram.png,Pop,24.676964
Just_A_Fling_-_The_Spin_Wires_(2) (2)_spectrogram.png,Pop,24.6135
Just_A_Fling_-_The_Spin_Wires_(2)_spectrogram.png,Pop,26.148758
Keeping_It_Real_-_Kavi_Jezzie_Hockaday_spectrogram.png,Electronic,27.49914
Keldamuzik_-_All_I_have_-_Keldamuzik_(2)_spectrogram.png,Electronic,57.582527
Kentix_-_Kentix_-_Ça_Rend_Heureux_spectrogram.png,Pop,20.979559
Kentix_-_Nos_vies_-_Kentix_spectrogram.png,Electronic,22.289701
Kentix_-_Sur_la_Lune_spectrogram.png,Pop,21.314959
Kentix_-_Émotion_-_Kentix (1)_spectrogram.png,Electronic,22.434156
Kentix_-_Émotion_-_Kentix_spectrogram.png,Electronic,22.120295
Kings_Cross_-_A_Summers_Evening_-_Bemused_spectrogram.png,Other,51.637268
King_or_pawn_-_Timm_Thaler_spectrogram.png,Electronic,23.032541
King_Solomon_with_Vernon_Reid_John_Popper_-_One_Wish_Carnival_spectrogram.png,Other,32.830513
Kissing_Streams_-_Rivers_and_Leafs_(2)_spectrogram.png,Other,20.65415
Kiss_Me_-_Liv_Margaret_spectrogram.png,Electronic,43.12736
Kitchen_Knives_-_lillywolf_spectrogram.png,Electronic,39.38752
L.A._Passing_By_-_rob.costlow_spectrogram.png,Other,53.27389
Lady_Bee_-_The_NUV_spectrogram.png,Pop,25.75539
Lanes_And_Bridges_-_The_King_Coster_spectrogram.png,Electronic,28.055542
Last_Fight_for_the_Championship_-_Double_Hilt_spectrogram.png,Pop,25.764248
Laurens_Song_-_Caleb_Lemond_spectrogram.png,Electronic,27.019613
LA_OTRA_-_Lessky_spectrogram.png,Other,26.098269
LA_Scallywag_-_Hypotenuse_spectrogram.png,Electronic,28.629421
Learn_From_Me_-_Jonathan_Dimmel_spectrogram.png,Other,22.564978
Leave_me_now_-_november11 (1)_spectrogram.png,Other,27.913427
Leave_me_now_-_november11_spectrogram.png,Other,28.584215
LEEAAV_-_IN_THIS_DARK_spectrogram.png,Electronic,22.915245
Legends_-_FantomStudio_spectrogram.png,Other,43.40703
Lemon_Pop_-_the.verandas_spectrogram.png,Other,26.824928
Let_Go_-_Virgin_Joy (1)_spectrogram.png,Other,18.130615
Let_Go_-_Virgin_Joy_spectrogram.png,Electronic,18.060738
LE_BAL_MASQUE_-_DR_GROOVE_GANG_spectrogram.png,Other,20.782116
Le_Beau_Blaireau_-_nicoco_spectrogram.png,Classical,24.25737
Lifeline_-_Neon_NiteClub_(2)_spectrogram.png,Pop,24.352081
Life_in_motion_-_Index_(4)_spectrogram.png,Other,60.749863
Light_-_Parker_spectrogram.png,Classical,40.43855
Limitless_-_PaulWernerMusic_spectrogram.png,Other,43.99223
Lite_Saturation_-_Run_to_the_Dream_(Romantic_and_Beautiful_Background_Piano_Music)_spectrogram.png,Other,82.03159
little_old_sweet_town_-_Blooming_Memories_spectrogram.png,Electronic,21.246737
Live_in_the_moment_-_Valdisriff_spectrogram.png,Other,41.033287
Live_In_Your_Dreamz_-_Semme_Automatic_(2)_spectrogram.png,Other,24.69914
Live_It_Up_-_Tom_Orlando_spectrogram.png,Electronic,39.952267
Lleno_de_Life_-_Rey_Electrico_spectrogram.png,Pop,27.864733
Lo-Fi_Beat_-_Dmitriy_(2)_spectrogram.png,Electronic,26.794302
Lo-fi_Type_Beat_-_PeryCreep_spectrogram.png,Other,61.106037
lockdown_blues_-_lonely_piano_spectrogram.png,Other,60.943443
Lofi_and_Coffee_-_Jon_J._Morin_spectrogram.png,Other,70.89633
lofi_hip_hop_trevel_relax_-_Sergei_(4)_spectrogram.png,Electronic,33.949467
LOKIXXIMO_-_Lokixximo_-_La_Calle_No_Juega_spectrogram.png,Other,32.607563
Lost_Balloon_-_Tab_(2)_spectrogram.png,Other,20.26889
Loud.drop_-_Loud.drop_-_Real_spectrogram.png,Other,39.25575
Love_-_lillywolf_spectrogram.png,Other,25.996164
love_letters_-_Alexander_Franke_spectrogram.png,Other,40.169014
Love_Me_Notts_-_Hazernomical_spectrogram.png,Other,21.263866
Love_truck_-_Jacky_Chiant_spectrogram.png,Pop,53.42686
Love_You_More_-_Kavi_Jezzie_Hockaday_spectrogram.png,Other,39.30695
LowDown_Mini_Reel_#6_(No_Ceiling)_-_LowDown_Brass_Band_(2)_spectrogram.png,Pop,19.465628
Lowtone_Music_-_Lounge_Lo-Fi_spectrogram.png,Electronic,30.14425
Lo_Fi_Downtempo_-_PuzzleWaves_spectrogram.png,Other,40.7522
Luck's_All_Gone_-_The_Devil_Music_Co._(2) (1)_spectrogram.png,Other,27.833593
Luck's_All_Gone_-_The_Devil_Music_Co._(2)_spectrogram.png,Other,27.948835
Lucky_and_Ugly_-_freshbodyshop_spectrogram.png,Pop,33.245106
Lyrical_Romantic_Piano_-_michael_lerm_spectrogram.png,Other,91.9485
M.V._Pogliaghi_-_Moonshining_(Improvviso_Op.#7)_spectrogram.png,Classical,45.17169
Mackenzie_-_Always_the_Alibi (1)_spectrogram.png,Other,17.6898
Mackenzie_-_Always_the_Alibi_spectrogram.png,Other,18.382572
Macroform_-_Holding_Hands_spectrogram.png,Electronic,57.42446
MAD._-_GR3YWXLF_spectrogram.png,Electronic,24.169209
Madrid_-_The_Vow_spectrogram.png,Pop,35.024963
Magnesid_-_Secret_Autonomy_spectrogram.png,Other,56.39733
Mahidevran_-_Phototaxis_-_Mahidevran_spectrogram.png,Electronic,25.49992
Mahidevran_Rock_Band_-_Mahidevran_-_Book_of_eternity (1)_spectrogram.png,Pop,22.817335
Mahidevran_Rock_Band_-_Mahidevran_-_Book_of_eternity_spectrogram.png,Pop,22.734074
Make_It_Out_-_Tom_Orlando_spectrogram.png,Electronic,27.669535
MAMA_AFRICA_-_petite_viking_spectrogram.png,Other,41.914227
Mama_Cried_-_Niki_J_Crawford_-_The_Second_Truth_-_Niki_J_Crawford_spectrogram.png,Electronic,22.500149
Manfred_Merkel_-_Brighter_Than_The_Sky_spectrogram.png,Other,25.38918
Man_in_the_Window_-_Michael_Ellis (1)_spectrogram.png,Other,26.837889
Man_in_the_Window_-_Michael_Ellis_spectrogram.png,Other,26.230494
Maravilha_-_boomboombeckett_spectrogram.png,Electronic,34.133823
March_for_a_sad_banshee_-_mister.m_spectrogram.png,Electronic,30.516773
Marc_Corominas_Pujadó_-_Blossom_Rush_spectrogram.png,Other,91.54948
Marigold_-_Sonic_Wash_spectrogram.png,Electronic,28.630173
Marine_Drive_-_Tuesday_in_Japan_spectrogram.png,Electronic,24.979595
Marshawn_Lynch_-_Uni_BLK_spectrogram.png,Electronic,29.103098
Mauvaise_Affaire_(album_v.)_-_NoSaBe_spectrogram.png,Pop,30.56264
Maybe_Its_Alright_-_Pure_Mids_spectrogram.png,Pop,43.04472
Mazurka___Classical_Piano_Music_-_The_Piano_Lady_spectrogram.png,Other,61.621155
MCO_-_Universe_-_Marco_Margna_spectrogram.png,Pop,30.61232
MCO_Feat_Eliisa_K_-_Just_Me_And_You_-_Marco_Margna_spectrogram.png,Other,28.16435
Meditate_Atmosphere_-_Dmitriy_(2)_spectrogram.png,Other,86.29642
Meditation_-_Alexander_Lyamin_spectrogram.png,Other,64.32944
Meditation_Background_-_cleanmindstudio (1)_spectrogram.png,Other,84.539894
Meditation_Background_-_cleanmindstudio_spectrogram.png,Other,84.59759
Meditation_Healing_432Hz_-_AudioWizard (1)_spectrogram.png,Other,83.93014
Meditation_Healing_432Hz_-_AudioWizard_spectrogram.png,Other,83.981064
Mediterranean_nostalgia_-_Luis_Zunel_spectrogram.png,Other,28.461271
Megan_Graney_-_Megan_Graney_-_So_It_Goes (1)_spectrogram.png,Other,23.08926
Megan_Graney_-_Megan_Graney_-_So_It_Goes_spectrogram.png,Other,23.705145
Mellow_Dreams_-_Mindfull_spectrogram.png,Other,26.253042
Melodía_para_María_1_-_carlos.rives_spectrogram.png,Classical,48.091324
Melts_Away_-_Michael_C._Jones_(3)_spectrogram.png,Pop,25.93842
Memories_-_Anna_Inspiration_spectrogram.png,Electronic,26.327192
Memories_I_-_Asa_Taura (1)_spectrogram.png,Other,89.1244
Memories_I_-_Asa_Taura_spectrogram.png,Other,89.302605
Metamorphosis_-_project.divinity (1)_spectrogram.png,Other,61.400597
Metamorphosis_-_project.divinity_spectrogram.png,Other,62.33362
Metric_-_B3B0CK (1)_spectrogram.png,Other,44.86663
Metric_-_B3B0CK_spectrogram.png,Other,45.566288
Midnight_Blues_-_BFCmusic_spectrogram.png,Other,42.286343
Miguel_Angel_Albentosa_Bó_(MaaBo)_-_Vistas_al_Mar_(piano)_spectrogram.png,Other,75.9326
Millonaro_-__Minor_Tunez_-_Minor_Tunez_(3)_spectrogram.png,Other,24.697702
Mind_Reader_-_Liv_Margaret_spectrogram.png,Other,30.551565
Minimal_Mouse_-_Arto_Kumanto_(2)_spectrogram.png,Other,30.635866
Miracles_Like_You_-_Explosive_Ear_Candy_spectrogram.png,Pop,37.666656
Mit-Rich_-_Chill_Trap_spectrogram.png,Other,31.370419
Mitch_for_Mayor_-_Unfreeable_spectrogram.png,Pop,25.237438
MKHLSDRV_—_Dream_atmosphere_-_SiDBASE_spectrogram.png,Other,31.469366
moi_toi_-_Martin_Doriand_spectrogram.png,Electronic,21.013319
MokkaMusic_-_Chillwave_Vaporwave (1)_spectrogram.png,Pop,29.421034
MokkaMusic_-_Chillwave_Vaporwave_spectrogram.png,Pop,30.464825
MokkaMusic_-_Club_Future_House_spectrogram.png,Electronic,18.666582
MokkaMusic_-_Drum_and_Bass_with_Flute_spectrogram.png,Pop,35.04503
Molotov_Heart_-_radionowhere (1)_spectrogram.png,Pop,37.272778
Molotov_Heart_-_radionowhere_spectrogram.png,Pop,34.681232
Money_-_Neon_NiteClub_(2)_spectrogram.png,Other,22.871191
Monster_-_Rxbyn_spectrogram.png,Other,19.483837
Moon_-_Yeiker (1)_spectrogram.png,Other,44.159897
Moon_-_Yeiker_spectrogram.png,Other,45.796165
Mourning_Day_-_SadMe (1)_spectrogram.png,Other,33.703278
Mourning_Day_-_SadMe (2)_spectrogram.png,Other,33.762638
Mourning_Day_-_SadMe_spectrogram.png,Other,34.267567
Movement_-_Eliot_Feldman_spectrogram.png,Other,25.482803
Movi_'e_Chiappe_-_padrepyo_spectrogram.png,Other,34.92687
Mozart_Sonata_No.4_K.282_Allegro_-_Aurbanni_spectrogram.png,Other,33.662422
Mr.Aleks_-_Tech_House_Future_spectrogram.png,Electronic,18.24392
Mr_Peel_-_Let_It_Shine_spectrogram.png,Other,23.00974
Mute_-_Mos_Emvy_spectrogram.png,Other,35.58444
Mykhailo_Shkredov_-_Desire_spectrogram.png,Other,24.242239
My_Bad_-_All_My_Friends_Hate_Me_spectrogram.png,Pop,30.01915
My_Forever_-_Kaitlyn_Morell_spectrogram.png,Electronic,25.285196
My_Romeo_(Antonii_Version)_-_Songwriterz_(2)_spectrogram.png,Pop,20.633827
Napalm_Mourning_-_Tab_(2)_spectrogram.png,Electronic,21.933558
Nargo_-_Silent_Shores_spectrogram.png,Other,84.75488
Nature_World_-_Axel_Antunes_spectrogram.png,Pop,22.323864
Nayah_-_hipnotised_-_Nayah_spectrogram.png,Pop,21.619267
Neon_Movement_-_U_Make_Me_spectrogram.png,Other,30.87489
Neon_Sentinel_-_peergynt.lobogris_spectrogram.png,Pop,39.959553
Never_Let_Me_Down_-_Rude_(2)_spectrogram.png,Other,24.758759
New_Age_Meditation_Nature_Music_Therapy_-_SweetMedia_spectrogram.png,Other,67.73653
New_Dream_-_B3B0CK (1)_spectrogram.png,Other,85.01438
New_Dream_-_B3B0CK_spectrogram.png,Other,85.5682
Nightfall_-_ONSTEAD_spectrogram.png,Electronic,22.042267
Nightwatcher_-_Vegasis_spectrogram.png,Other,44.79675
Night_Life_-_The_Spin_Wires_(2) (1)_spectrogram.png,Pop,35.69256
Night_Life_-_The_Spin_Wires_(2)_spectrogram.png,Pop,36.310333
Night_Lounge_(Main)_-_Parler_spectrogram.png,Other,35.439766
NOBO_-_Honey_-_Noboband_spectrogram.png,Pop,36.69319
noexit._-_I_Just_Can't_Get_Enough_You_spectrogram.png,Other,49.160995
Nordgroove_-_Karma_spectrogram.png,Electronic,20.133137
Nordgroove_-_Samurai_Soul_spectrogram.png,Other,35.393204
Nostal_-_Illusions_spectrogram.png,Electronic,28.171534
Nothing_Less_-_Caleb_Lemond_spectrogram.png,Electronic,25.046665
Not_My_Problem_-_All_My_Friends_Hate_Me (1)_spectrogram.png,Pop,23.211304
Not_My_Problem_-_All_My_Friends_Hate_Me (2)_spectrogram.png,Pop,23.19446
Not_My_Problem_-_All_My_Friends_Hate_Me_spectrogram.png,Pop,23.334703
No_Es_Capricho_-_El_Corma_spectrogram.png,Pop,31.614368
No_Handlebars_-_Wayne_Gordon_spectrogram.png,Electronic,19.950012
No_Prayers_-_Pokki_DJ_(2) (1)_spectrogram.png,Other,27.400965
No_Prayers_-_Pokki_DJ_(2) (2)_spectrogram.png,Other,27.518356
No_Prayers_-_Pokki_DJ_(2)_spectrogram.png,Other,27.151918
No_Rest_Or_Endless_Rest_-_Lisofv_spectrogram.png,Other,55.594128
No_Sleep_-_Santa_Sallet_spectrogram.png,Electronic,27.134102
Nuvole_di_pensieri_-_Matteo_Maria_Di_Tommaso_spectrogram.png,Other,82.14882
Oasis_-_Liv_Margaret (1)_spectrogram.png,Electronic,27.356234
Oasis_-_Liv_Margaret (2)_spectrogram.png,Electronic,27.41634
Oasis_-_Liv_Margaret (3)_spectrogram.png,Electronic,27.447176
Oasis_-_Liv_Margaret_spectrogram.png,Electronic,27.298906
Ocean_-_David_Davis_spectrogram.png,Electronic,28.070604
Ocean_-_THE_SAME_PERSONS_spectrogram.png,Pop,32.45531
Ogi_Feel_the_Beat_-_Tristeza_spectrogram.png,Electronic,29.912683
"Ohrwurm_ft._RawMind,_Half_Breed,_Black_Knight_&amp;_BroadFoot_-_Elric_Virtuoso_spectrogram.png",Other,27.172169
Okay_-_Sam_Opoku_spectrogram.png,Electronic,23.926216
Okay_Boomhauer_-_Always_Waiting (1)_spectrogram.png,Pop,36.961716
Okay_Boomhauer_-_Always_Waiting_spectrogram.png,Pop,37.124966
Old_Russian_Waltz_#2___Romantic_Piano_Music_-_The_Piano_Lady_spectrogram.png,Other,41.34241
Oleg_Xaler_-_Lay_Down_spectrogram.png,Pop,24.458412
Oleja_Kaba_-_Liberation_(Radio_Edit)_spectrogram.png,Other,30.946991
OnesteP_-_Page_Of_Agony_-_OnesteP_(2) (1)_spectrogram.png,Other,32.203857
OnesteP_-_Page_Of_Agony_-_OnesteP_(2)_spectrogram.png,Other,30.92967
One_Hell_of_a_Way_-_The_Devil_Music_Co._(2)_spectrogram.png,Other,40.907875
"Only_On_This_Planet_(feat._A_Bit_Advanced_Music,_Paradeigma)_-_Ogi_Feel_the_Beat_spectrogram.png",Electronic,32.375057
On_My_Way_-_Kavi_Jezzie_Hockaday_spectrogram.png,Other,19.36528
On_the_Come_Up_-_Wordsmith_spectrogram.png,Pop,30.854046
On_The_Weekend_-_Paxton_Pennington_spectrogram.png,Pop,35.17144
Open_Space_Soundscape_-_StockXL_spectrogram.png,Other,86.39905
Opportunity_Steals_Your_Love_-_MOGU_spectrogram.png,Electronic,25.178558
Orange_Juice_-_Sonia_Isabel_spectrogram.png,Electronic,26.421679
Oscar_Avila_-_Ítaca_spectrogram.png,Other,53.33927
Ouest___West_-_Mr.Ju_spectrogram.png,Pop,26.791838
Outlandish_-_Double-F_The_King_spectrogram.png,Pop,26.607698
Outta_My_League_-_Double-F_The_King_spectrogram.png,Electronic,30.148102
Out_Of_The_Blue_-_Explosive_Ear_Candy_spectrogram.png,Pop,33.75532
OUT_OF_THE_WAY_-_David_Ryan_spectrogram.png,Other,24.260515
Overcloud_-_ChickenBeats_spectrogram.png,Other,51.695187
Overcome_Reality_-_freshbodyshop_spectrogram.png,Pop,28.177896
Oyster_Wave_-_Wakerhouse_spectrogram.png,Other,58.27592
PacificDrive_-_Heat_Wave_spectrogram.png,Other,44.391705
Palmo_X_&amp;_Patiloe_-_Overthink_-_Palmo_X_spectrogram.png,Other,34.163895
Palmo_X_-_Forest_Runner_-_Palmo_X (1)_spectrogram.png,Other,34.380928
Palmo_X_-_Forest_Runner_-_Palmo_X_spectrogram.png,Other,35.89365
Palmo_X_-_Monday_-_Palmo_X_spectrogram.png,Electronic,28.173775
Paradeigma_-_We_Choose_Proven_(kbkbts._Remix)_spectrogram.png,Electronic,41.035606
Paradeigma_-_Воскресенье_День_Сомнений_(Jukrainian_Remix)_spectrogram.png,Other,25.420645
Paradise_-_Songwriterz_(2)_spectrogram.png,Pop,37.251644
Paranoia_-_Anthony_Rubery_spectrogram.png,Electronic,24.581892
Paris_Streets_-_JO.BITE_(2)_spectrogram.png,Electronic,29.465565
Parlami_di_lei_-_Fabio_Confalone_spectrogram.png,Other,73.5768
Passion_-_DiSantos_spectrogram.png,Pop,24.174314
Past_Life_-_Luzius_Stone_spectrogram.png,Pop,23.292675
Perfect_View_-_Klassik_Frescobar_spectrogram.png,Pop,26.189226
Pete_Vyler_-_pete.vyler_spectrogram.png,Pop,32.73229
Phonon_-_zeropage_spectrogram.png,Other,50.419575
Photonnia_-_Inception_spectrogram.png,Other,53.240562
Pixel_Hunt_-_PaulWernerMusic_spectrogram.png,Pop,25.382168
Pizzy_Walk_-_nicoco_spectrogram.png,Electronic,37.463245
Please_Say_So_(Don't_Leave_Me_in_Silence)_-_Tyler_Gelrud_&amp;_Gerard_Peters_-_Tyler_Gelrud_spectrogram.png,Pop,20.87429
Plucky_Comedy_-_Geoff_Harvey_spectrogram.png,Electronic,31.145638
Plushka_-_Dadomu_(feat._JJ.OK)_spectrogram.png,Electronic,26.618317
Pokki_DJ_-_Addicted_spectrogram.png,Pop,31.10118
PoPiano_1_-_Madi_Composer_spectrogram.png,Other,62.102856
Popuri_-_Dal_Studio_spectrogram.png,Other,41.76593
potatofries_-_my_first_release_-_potatofries_spectrogram.png,Pop,21.872046
Pourin_Moe_by_The_East_Side_Hustlas_-_cartel_spectrogram.png,Pop,17.363981
Praz_Khanal_-_Mocha___Slap_House_Music_spectrogram.png,Pop,24.187752
Preacher_-_PappyBachelor_(2)_spectrogram.png,Electronic,20.009739
Precious_-_Caeleb_Doughty_spectrogram.png,Pop,27.299988
Proud_-_Wordsmith_spectrogram.png,Pop,26.10164
"PUETO_PA_LO_MIO_RECORDS_-_CHAKA_CHAKA_I_-_Pueto_pa_lo_mio_records_Presenta_-_Choque_Dineral_(Musica_urbana,_trap,_rap,_hiphop,_dembow)_spectrogram.png",Pop,26.339588
PUETO_PA_LO_MIO_RECORDS_-_JORDAN_23_-_PUETO_PA_LO_MIO_RECORDS_Presenta_spectrogram.png,Pop,25.902288
PUETO_PA_LO_MIO_RECORDS_-_Los_money_-_Pueto_pa_lo_mio_records_presenta_Neycom_Ft_Choque_Dineral_spectrogram.png,Pop,18.710907
Pájaros_de_sueños_-_Soledad_Balbontin_spectrogram.png,Electronic,19.139587
quencíc_-_sundøwn_reverie_spectrogram.png,Other,56.087364
Que_Aquí_Estoy_Yo_-_Alfonso_Lugo_spectrogram.png,Electronic,28.135754
Que_Viva_La_Salsa_-_Jan_Acendra_Son_Latino_spectrogram.png,Pop,28.139925
Rainbow_-_Maya_Filipic_spectrogram.png,Other,40.27576
RAKETA__-__Electro_Speaker_-_PAKETA_spectrogram.png,Other,45.190136
Ramble_on_October_-_Barefoot_McCoy_spectrogram.png,Other,22.590334
RA_unsKrypted_-_Hey_Ma_How_You_spectrogram.png,Electronic,21.103655
Rebels_With_A_Cause_(Aries)_-_RENAE_spectrogram.png,Pop,23.397074
Reflection_-_The_Hedgerow_Folk_spectrogram.png,Other,31.159788
Regressar_-_Instrumental_Version_-_Marcus_Rasseli_spectrogram.png,Other,49.274002
Relaxing_Nature_Music_-_Raw_Vibrations_spectrogram.png,Other,91.86816
REMEMBER_-_DR_GROOVE_GANG_spectrogram.png,Pop,20.399166
Reminisce_feat._Blends.One_&amp;_Chemist_(Prod._Blends.One)_-_El_J_spectrogram.png,Other,30.432346
Remy_Bourgeois_-_Road_Rage_spectrogram.png,Other,70.24097
RENAE_-_Glow_in_the_Dark_(Scorpio)_spectrogram.png,Pop,22.587025
RENAE_-_Who_Were_You__(Sagittarius)_spectrogram.png,Pop,20.172926
Renatus_Cartesius_-_Un_Soir_Romantique_(Re-Recorded_Version)_spectrogram.png,Other,56.230946
Renè_Miller_-_Sunrise_spectrogram.png,Other,22.988796
Restful_-_Solxis_(3)_spectrogram.png,Pop,23.640228
Retrowave_Synthwave_-_KostiaDeep_spectrogram.png,Pop,32.392086
Revelation_-_Blue_Frequency_spectrogram.png,Pop,26.334084
Revolving_Door_(feat.Lusty_Apricot_&amp;_Elle_Rose)_-_Tab_(2) (1)_spectrogram.png,Other,22.61787
Revolving_Door_(feat.Lusty_Apricot_&amp;_Elle_Rose)_-_Tab_(2)_spectrogram.png,Other,22.53261
Richard_Shekari_-_Oldest_Rock_spectrogram.png,Other,28.500778
Riffy_The_Rocker_-_Twangtastic_spectrogram.png,Other,26.101707
Riff_n_Roll_-_Twangtastic_spectrogram.png,Electronic,22.659037
Rising_Bones_-_Mr._Rock (1)_spectrogram.png,Other,25.011522
Rising_Bones_-_Mr._Rock_spectrogram.png,Other,25.520674
River_of_time_-_Pavel_Kraskoff_spectrogram.png,Other,76.01652
RIZA_music_-_Vertigo_spectrogram.png,Electronic,27.819431
RoadFighters_-_SYNTHESIA_(3)_spectrogram.png,Other,55.115486
Rocket_Man_-_Michael_Ellis (1)_spectrogram.png,Pop,33.91756
Rocket_Man_-_Michael_Ellis_spectrogram.png,Pop,34.675972
Rock_n_roll_fairytale_-_Jack_amp_the_Lemons_spectrogram.png,Other,34.57111
Roentgen_-_Sonic_Radiation_(2)_spectrogram.png,Other,37.5778
Romantic_Piano_-_StockXL_spectrogram.png,Other,49.831867
Romixon_-_Speed_-_Romixon_spectrogram.png,Other,32.40995
Roots_-_galdson_spectrogram.png,Other,59.907986
Roses_(Taurus)_-_RENAE_spectrogram.png,Electronic,22.873531
Rosetta_-_Matteo_Manfredi_spectrogram.png,Electronic,21.948376
Royalty_Free_Music_-_Synthwave_Phonk_spectrogram.png,Pop,30.518425
RS_Audio_-_Over_The_Skies_-_RS_Audio (1)_spectrogram.png,Other,57.75742
RS_Audio_-_Over_The_Skies_-_RS_Audio_spectrogram.png,Other,56.745304
Rules_Don't_Apply_-_Emerald_Park_spectrogram.png,Other,32.793903
Runaway_-_Back_On_Earth (1)_spectrogram.png,Other,20.867958
Runaway_-_Back_On_Earth_spectrogram.png,Other,21.055182
Runaway_-_Simillar_spectrogram.png,Pop,24.206837
Runnin'_-_Square_a_Saw_spectrogram.png,Pop,33.88863
S.C._Chris_-_Bad_spectrogram.png,Electronic,24.792618
Safety_Belt_-_The_Devil_Music_Co._(2)_spectrogram.png,Pop,27.614841
Same_Old_-_Bellevue_spectrogram.png,Pop,25.349977
Samie_Bower_-_What_U_Be_Doin_spectrogram.png,Electronic,32.273598
Savane_-_jean-pierre.saussac_spectrogram.png,Other,26.484072
Save_Me_(RVNS_Remix)_-_Back_On_Earth_spectrogram.png,Other,22.558493
Save_Me_-_Back_On_Earth_spectrogram.png,Other,26.425251
Sayok_-_Echoes_from_Afar_spectrogram.png,Electronic,33.184517
Say_my_Name_-_shearer_spectrogram.png,Other,35.509552
Schattenspiele_-_ElfenKlang_spectrogram.png,Other,43.670395
Scotland_Is_Calling_-_Roy_Smiles_(3)_spectrogram.png,Electronic,24.779663
Seal_Lullabye_-_Kesakoo (1)_spectrogram.png,Electronic,26.005482
Seal_Lullabye_-_Kesakoo_spectrogram.png,Electronic,25.110268
Searching_for_Jim_-_Derk_BamBoo_spectrogram.png,Other,23.552618
Sea_Mines_(Feat._Sink600)_-_Tony_Bontana_spectrogram.png,Other,20.935272
Secret_Beers_-_The_Spin_Wires_(2)_spectrogram.png,Pop,19.806059
See_You_Again_-_Kavi_Jezzie_Hockaday_spectrogram.png,Other,25.77982
Sekosh_-_Day_Dream_spectrogram.png,Electronic,33.919514
Sensitive_-_Infraction_spectrogram.png,Electronic,34.838253
Sentimental_-_GrayMic_spectrogram.png,Classical,36.074917
Sentimental_Romantic_Jazz_-_Alexey_Anisimov_(2)_spectrogram.png,Other,40.07811
Shauna's_Theme_-_Jorgen_Kruse_spectrogram.png,Other,39.252506
She's_a_storm_-_Blooming_Memories_spectrogram.png,Electronic,29.02807
She_Bleeds_-_Unfactory_spectrogram.png,Pop,35.42883
She_got_a_way_-_Nghtshft_spectrogram.png,Pop,23.53844
ShinDiG_-_Elric_Virtuoso_spectrogram.png,Pop,25.222857
Shon_Tha_Phenom_-_Alright_Anyway_Ft._Taelor_Gray_spectrogram.png,Other,31.258213
Shon_Tha_Phenom_-_Blink_Of_An_Eye_spectrogram.png,Other,28.376749
Show_Me_-_AIRE (1)_spectrogram.png,Electronic,26.444357
Show_Me_-_AIRE (2)_spectrogram.png,Electronic,26.445251
Show_Me_-_AIRE_spectrogram.png,Electronic,26.860424
Siarhei_Korbut_-_Sleepy_Drops_spectrogram.png,Other,86.232994
Signal_-_atomic.cat_spectrogram.png,Other,31.508121
Silence_-_LWSLH_spectrogram.png,Other,63.5284
Silent_Tears_-_AIRE_spectrogram.png,Other,23.865622
Simon_Armitage_-_Highland_Fayre_spectrogram.png,Other,83.3771
Singout_-_Charlie_Mosbrook_(2)_spectrogram.png,Electronic,16.863043
Sin_miedo_-_Living_Camboya_spectrogram.png,Electronic,20.71881
Si_-_Arom_spectrogram.png,Electronic,20.405106
Skank_Shift_-_larg.productions_spectrogram.png,Pop,35.337646
Skreedleess_-_With_me_(Original_MIx)_-_Skreedleess_spectrogram.png,Other,24.45388
Skyline_-_samiebower_(2)_spectrogram.png,Other,20.227129
Sleeping_Pills_&_Asteroids_-_The_Gasoline_Brothers_(2)_spectrogram.png,Pop,38.500027
Sleep_-_Spa_Relax (1)_spectrogram.png,Other,90.42772
Sleep_-_Spa_Relax_spectrogram.png,Other,90.33473
Smoke_break_-_Dal_Studio_spectrogram.png,Other,38.97112
Smooth_-_tomislav.ocvirek_spectrogram.png,Other,36.354996
Snow_Queen_-_Cardinal_Line (1)_spectrogram.png,Pop,23.679083
Snow_Queen_-_Cardinal_Line_spectrogram.png,Pop,22.848072
Soft_Piano_-_DmitriyTaras_(2)_spectrogram.png,Other,78.62547
Solace_-_macroform_spectrogram.png,Other,75.88461
solemn_nocturne_-_Ilia_Kutepov_spectrogram.png,Other,68.028244
Solteria_-_Lessky_spectrogram.png,Other,22.171965
Somebody_Else_-_Back_On_Earth_spectrogram.png,Pop,36.10624
Someone_-_samiebower_(2)_spectrogram.png,Other,45.61248
Something_Happened_-_Paper_Clips_spectrogram.png,Other,33.551907
Something_that_-_BEARDMAN_spectrogram.png,Electronic,38.97219
Sometimes_Things_Go_Wrong_-_Daniel_Guzman_spectrogram.png,Electronic,19.165716
Song_Of_My_Life_-_Eliot_Feldman_spectrogram.png,Electronic,30.444363
SoothSayer_(feat.bARTek)_-_Tab_(2)_spectrogram.png,Electronic,32.21401
SoulProdMusic_-_Snow_spectrogram.png,Other,61.497993
So_Deep_Into_My_Heart_-_bessonnitsa_spectrogram.png,Electronic,17.428133
"So_Far_As_I_Know_-_Take_My_Hand,_We're_Gonna_Be_Fine_spectrogram.png",Other,53.028065
So_good_on_a_cold_evening._-_SERGO.TEL_spectrogram.png,Other,31.185755
Space_Ambient_-_StockXL (1)_spectrogram.png,Other,54.62036
Space_Ambient_-_StockXL_spectrogram.png,Other,55.584442
Space_Cyberpunk_-_Alexey_Anisimov_(2)_spectrogram.png,Pop,21.449032
"Spa_Music_-_Relax,_Mindfulness,_Yoga_-_matti.paalanen_spectrogram.png",Other,74.33991
Spell_-_Black_Siren_spectrogram.png,Other,26.979897
Spirit_of_Africa_-_gregoire.lourme_spectrogram.png,Other,25.81848
Springtime_Lovers_-_Chill_Guitar_Hip_Hop_Beat_Lounge_Vlog_(Full_Track)_-_Ronin_Production_spectrogram.png,Electronic,21.266108
Square_a_Saw_-_Neon_Ghosts_spectrogram.png,Pop,23.41465
Stacks_-_Wordsmith_spectrogram.png,Pop,28.241364
Standing_Still_-_EveryNowHere (1)_spectrogram.png,Electronic,34.11383
Standing_Still_-_EveryNowHere_spectrogram.png,Electronic,33.169205
Stand_Out_-_Double-F_The_King_spectrogram.png,Pop,24.044617
Stassia_-_Road_-_Stassia_spectrogram.png,Other,24.434515
Stay_Up_-_All_My_Friends_Hate_Me (1)_spectrogram.png,Other,31.538149
Stay_Up_-_All_My_Friends_Hate_Me_spectrogram.png,Other,31.029398
Stefano_Mazzola_-_Angelo_della_speranza_(classic_trance)_spectrogram.png,Other,52.967216
stillnoah_-_Love_Will_Save_The_World (1)_spectrogram.png,Pop,28.426235
stillnoah_-_Love_Will_Save_The_World_spectrogram.png,Pop,28.251457
StimiBeats_-_Full_Focus_(Meditation_Music)_spectrogram.png,Other,79.87742
StimiBeats_-_Mystical_River (1)_spectrogram.png,Other,86.85642
StimiBeats_-_Mystical_River_spectrogram.png,Other,86.462875
StimiBeats_-_Relaxing_Evening_(Meditation_Music)_spectrogram.png,Other,90.60954
StimiBeats_-_Sunset_spectrogram.png,Other,81.86871
Stingray_-_Lisofv_spectrogram.png,Other,26.221842
Straight_12_-_Stefan_Kartenberg_spectrogram.png,Electronic,30.277706
Strange_Things_-_Audio_Animals_Master_-__45._spectrogram.png,Other,28.545263
Streets_Of_Alesia_-_Back_On_Earth_spectrogram.png,Other,40.59401
Stroke_-_Katana_Da_Don_spectrogram.png,Pop,18.301872
Stuck_-_Jahz_spectrogram.png,Pop,19.887432
stuck_on_you_t1_-_Emmanuel1 (1)_spectrogram.png,Other,29.285872
stuck_on_you_t1_-_Emmanuel1_spectrogram.png,Other,30.518621
STUMP_IT_-_J_Bert_(2)_spectrogram.png,Electronic,20.9181
Stuttgart_-_Portrayal_spectrogram.png,Other,21.854458
summertimewav_-_emceelynx_spectrogram.png,Pop,23.639688
Summer_-_Michael_Ellis_spectrogram.png,Pop,27.330076
Sunday_-_Zist_spectrogram.png,Other,43.392056
Sunrise_in_Limbo_-_Lofi_-_Pavle_spectrogram.png,Other,40.147526
Sunseed_(feat.Jade_Gritty)_-_Tab_(2)_spectrogram.png,Electronic,23.445292
Sunset_-_Sweed_beats_spectrogram.png,Classical,29.913675
Supergirl_-_Bod_(2)_spectrogram.png,Electronic,27.859596
Sway_-_Aquarius_Blue (1)_spectrogram.png,Other,23.76302
Sway_-_Aquarius_Blue_spectrogram.png,Other,24.210562
Sweed_Beats_-_Morning_-_Sweed_beats_spectrogram.png,Electronic,32.663834
Sweet_Goodbye_-_Hot_Fiction (1)_spectrogram.png,Pop,18.17114
Sweet_Goodbye_-_Hot_Fiction_spectrogram.png,Pop,18.450321
Sweet_Soul_Musik_-_DR_GROOVE_GANG_spectrogram.png,Electronic,20.40462
Syberia_-_GroovyVoxx_spectrogram.png,Other,28.541925
Symphony_No._5_-_daniel.bautista_spectrogram.png,Other,30.276272
Séisme_-_Jose_Konda_spectrogram.png,Other,29.844236
Tab_-_Secret_of_Mana_(feat._AURC)_spectrogram.png,Other,41.463493
Take_Down_The_Sun_-_State_Shirt_(2)_spectrogram.png,Other,28.33901
Take_me_down_the_hills_-_Bob_Rocket_music_(2)_spectrogram.png,Electronic,36.544174
Take_Our_Time_-_Square_a_Saw_spectrogram.png,Pop,24.687328
Take_Time_-_Square_a_Saw_spectrogram.png,Pop,22.935366
Tale_of_a_lifetime_(feat._Luca_Calabrese)_-_FeelX_(2)_spectrogram.png,Classical,34.288143
Talk_a_Little_-_samiebower_(2)_spectrogram.png,Pop,39.045723
Talk_It_Out_-_samiebower_(2)_spectrogram.png,Other,23.531279
Tapetunes_-_Sea_Breath (1)_spectrogram.png,Other,42.73512
Tapetunes_-_Sea_Breath_spectrogram.png,Other,44.03381
Taxi_-_Soul-Prod_spectrogram.png,Electronic,39.38872
TazDev_-_Chill_Lounge_Lofi_Beat_spectrogram.png,Electronic,40.221455
Tell_Me_-_samiebower_(2)_spectrogram.png,Other,21.625038
Tell_the_Time_-_Exmiranda_spectrogram.png,Pop,24.299345
Tercer_Tiempo_-_Gustavo_Crochenci_spectrogram.png,Pop,19.69342
That's_What_They_All_Say_-_samiebower_(2)_spectrogram.png,Other,25.955307
That_Kid_-_Brain_Purist_spectrogram.png,Pop,33.74842
That_morning_-_Mr.DeVo_spectrogram.png,Other,19.5659
thebesticando_-_naturalbody2_spectrogram.png,Other,65.91746
They_-_ChillPanic_spectrogram.png,Pop,22.664999
They_Come_At_Night_-_Hands_of_Attrition_spectrogram.png,Other,37.922653
The_Bridge_-_Skulastic_spectrogram.png,Electronic,18.280212
The_Countdown_Pt_II_-_The_Victory_Drive_spectrogram.png,Electronic,23.601215
The_Cross_-_Mary_And_The_Ram_spectrogram.png,Other,48.40889
The_Deep_-_Anitek_spectrogram.png,Pop,22.961184
The_Fire_That_Burns_Inside_-_Lower_Loveday_spectrogram.png,Pop,29.233269
The_Flood_-_BLC_MIRROR_CLB (1)_spectrogram.png,Other,32.58323
The_Flood_-_BLC_MIRROR_CLB (2)_spectrogram.png,Other,32.679813
The_Flood_-_BLC_MIRROR_CLB_spectrogram.png,Other,33.64651
The_Freedom_is_in_the_Falling_-_Kavi_Jezzie_Hockaday_spectrogram.png,Electronic,17.599907
The_Girl_I_Haven't_Met_-_DreamHeaven_spectrogram.png,Electronic,24.44644
The_Golden_Moons_-_Early_Morning_Serenity__Nature_Ambience_spectrogram.png,Other,43.755688
The_Golden_Moons_-_Warm_Celestial_Psychedelic_Texture_spectrogram.png,Other,88.65544
The_Grand_Paris_Express_-_Caitlin_MacNamara_spectrogram.png,Electronic,21.795889
The_House_that_leaves_you_always_wanting_more_-_Monkeyland_(2)_spectrogram.png,Electronic,24.15886
The_Jazz_-_Aurbanni_spectrogram.png,Electronic,29.721142
The_Little_Robot_-_Forget_the_Whale_(2)_spectrogram.png,Pop,20.690775
The_Mountain_-_Meditation (1)_spectrogram.png,Other,79.58218
The_Mountain_-_Meditation_spectrogram.png,Other,79.43689
The_Reason_-_Hakim_Bar_Veg_Elk_spectrogram.png,Other,53.256916
The_Sean_Moon_Band_-_Out_Here_spectrogram.png,Pop,23.777481
The_Second_Son_-_Caleb_Lemond_spectrogram.png,Electronic,22.713701
The_Secret_-_Eliot_Feldman_spectrogram.png,Other,21.072535
The_Silhouet_-_Get_Around_spectrogram.png,Pop,23.803461
The_southern_train_-_beemaztar_spectrogram.png,Other,45.032455
The_Spin_Wires_-_Goodbar_Good_Night_spectrogram.png,Pop,35.73103
The_Spin_Wires_-_Into_The_Night_spectrogram.png,Pop,45.892136
The_stars_are_shining_bright_-_Bob_Rocket_music_(2)_spectrogram.png,Other,28.978127
The_Sun_and_The_Rain_(instrumental_version)_-_DD88_spectrogram.png,Other,36.38002
The_Tester_-_Dave_Foster_(2)_spectrogram.png,Electronic,31.546148
The_Ultimate_Paradox_-_Ianwill_spectrogram.png,Other,75.88175
The_Vow_-_Spread_Some_Love_spectrogram.png,Pop,31.314125
The_Waiting_Room_-_Tab_(2)_spectrogram.png,Electronic,26.74045
The_Woods_fea_Mauro_Castucci_-_Man_On_The_Sea_-_The_woods_spectrogram.png,Other,32.122982
This_is_the_End_-_Poor_Pie_spectrogram.png,Other,40.77987
This_Is_War_-_AIRE (1)_spectrogram.png,Other,23.827808
This_Is_War_-_AIRE_spectrogram.png,Other,23.837845
This_Lo-Fi_-_Perfect_Choice_Stuff_spectrogram.png,Other,28.743351
Thoughtless_and_Proud_-_Color_Out_spectrogram.png,Pop,28.37036
Through_My_Eyes_(Gemini)_-_RENAE_spectrogram.png,Pop,25.017231
Thursday_-_TheQLon_spectrogram.png,Other,22.876698
Time_-_Raab_Christian_(4)_spectrogram.png,Electronic,29.91006
Time_Is_a_Fire_-_The_Spin_Wires_(2)_spectrogram.png,Pop,29.695198
Toca_-_Beliano_Ad_spectrogram.png,Electronic,32.57289
Tom_Orlando_-_Over_You_spectrogram.png,Pop,26.58503
Toujours_l'enfant_cherche_sa_mère_-_KAENEL_spectrogram.png,Other,49.793034
Toy_Factory_-_FiluAndDina_(3)_spectrogram.png,Other,39.084187
To_Care_-_Arto_Kumanto_(2)_spectrogram.png,Other,34.388622
Trabajas_-_RamRom_(2)_spectrogram.png,Pop,23.412184
Travel_(k21)_-_avanea_spectrogram.png,Other,27.807337
Travel_-_Soul-Prod_spectrogram.png,Other,28.69561
Tree_-_unVoid_spectrogram.png,Other,48.25127
Triplexity_-_Invited_(with_Jennifer_Greer)_-_Triplexity_spectrogram.png,Other,47.051357
Triumphant_-_Axl_amp_Arth (1)_spectrogram.png,Other,35.184433
Triumphant_-_Axl_amp_Arth (2)_spectrogram.png,Other,35.317097
Triumphant_-_Axl_amp_Arth_spectrogram.png,Other,34.15471
Trust_-_Tom_Orlando_spectrogram.png,Other,36.818554
Try_Me_On_-_Paxton_Pennington_spectrogram.png,Electronic,22.83851
Tv_Food_and_Fast_Vision_-_The_MARXMALLOWS_(2)_spectrogram.png,Pop,28.700369
TwinSilver_-_Si_j'dois_mourir_demain_(Audio)_-_TwinSilver_spectrogram.png,Other,35.84205
Twisted_Fantasies_-_KostiaDeep_spectrogram.png,Other,27.597206
Two_-_Kinematic (1)_spectrogram.png,Pop,32.66017
Two_-_Kinematic_spectrogram.png,Pop,33.054688
Two_Years_Away_-_Adam_Scott_York (1)_spectrogram.png,Electronic,32.879303
Two_Years_Away_-_Adam_Scott_York_spectrogram.png,Electronic,31.46803
Typical_-_Tab_(2) (1)_spectrogram.png,Pop,21.755217
Typical_-_Tab_(2)_spectrogram.png,Pop,21.898289
Undercover_-_Neon_NiteClub_(2)_spectrogram.png,Pop,21.048943
underground_-_AKS_amp_El_project_(2)_spectrogram.png,Electronic,24.467352
Underground_-_George_Capon (1)_spectrogram.png,Pop,31.300064
Underground_-_George_Capon (2)_spectrogram.png,Pop,31.07143
Underground_-_George_Capon_spectrogram.png,Pop,30.523422
Until_Tonight_-_Back_On_Earth_spectrogram.png,Pop,33.935883
Venetian_Blinds_-_Ping_Pong_Club_spectrogram.png,Other,28.372028
Venus_Girl_-_The_Vow_spectrogram.png,Pop,31.400076
Venu_d'ailleurs_-_Laurent_Danis (1)_spectrogram.png,Other,68.584816
Venu_d'ailleurs_-_Laurent_Danis_spectrogram.png,Other,69.035995
Vinyl_Blast_-_Am_I_Free_-_Vinyl_Blast_spectrogram.png,Other,32.9544
Vinyl_Blast_-_Don't_Kill_Me_-_Vinyl_Blast (1)_spectrogram.png,Other,25.38991
Vinyl_Blast_-_Don't_Kill_Me_-_Vinyl_Blast_spectrogram.png,Other,25.782293
Violent_revenge_-_Darkshine_spectrogram.png,Pop,31.913445
Virus_-_Infraction_spectrogram.png,Other,34.622734
Visitors_-_Linturaven_spectrogram.png,Other,24.877907
Vito_De_Curl_-_Bluesy_Bucket_By_the_Rolls (1)_spectrogram.png,Pop,19.684492
Vito_De_Curl_-_Bluesy_Bucket_By_the_Rolls_spectrogram.png,Pop,19.419031
Vito_De_Curl_-_Droll_spectrogram.png,Pop,35.627968
Vizio_di_Forma_+_Silente_-_Viziodiforma (1)_spectrogram.png,Pop,40.869057
Vizio_di_Forma_+_Silente_-_Viziodiforma_spectrogram.png,Pop,42.109524
Vlog_Hip_Hop_(Full_Version)_-_Ivan_Ryzhko_spectrogram.png,Other,26.037598
Volemos_Juntos_Piano_solo_Instrumental_-_DalCuore_spectrogram.png,Other,48.770416
v_etom_momente_-_kbkbts._spectrogram.png,Other,44.177437
Waiting_-_samiebower_(2)_spectrogram.png,Electronic,27.217669
Wait_Til_Tomorrow_(album_v.)_-_NoSaBe_spectrogram.png,Pop,26.678482
Wake_Up_-_Square_a_Saw_spectrogram.png,Pop,41.37946
Walkman_-_SH_MUSIC_(lukhash) (1)_spectrogram.png,Pop,27.771473
Walkman_-_SH_MUSIC_(lukhash)_spectrogram.png,Pop,27.279503
Walk_Home_-_Parker (1)_spectrogram.png,Electronic,21.619812
Walk_Home_-_Parker_spectrogram.png,Other,21.159872
Walk_in_the_row_-_RedSharp_spectrogram.png,Other,25.555397
Wasnt_Enough_(feat._Michelle)_-_Tom_Orlando_spectrogram.png,Other,28.403038
Waste_My_Time_-_The_Devil_Music_Co._(2)_spectrogram.png,Other,31.04939
Watered_Down_-_Giovanna_Crescenzo_spectrogram.png,Pop,21.666002
Waves_(Cancer)_-_RENAE_spectrogram.png,Electronic,20.974768
Wave_-_Cam_Milli_(2)_spectrogram.png,Pop,21.648447
Waxstar_-_Atreyu_spectrogram.png,Other,38.380207
Ways_(Storm_is_Near)_-_SINGLETON (1)_spectrogram.png,Other,23.622826
Ways_(Storm_is_Near)_-_SINGLETON_spectrogram.png,Other,23.141027
Way_Downtown_-_PhaZer_(2)_spectrogram.png,Pop,43.61127
Weightless_-_freshbodyshop_spectrogram.png,Pop,21.591751
Weight_On_It_-_FayroMusic_spectrogram.png,Pop,28.439648
We_got_the_vibes_(_Feat_Fil_Straughan)_-_D_JAY_KOI_spectrogram.png,Pop,20.503143
We_Live_On_Borrowed_Time_-_Songwriterz_(2)_spectrogram.png,Pop,40.870396
Whashington_Square_(by_Papercut_-_feat._Mike_Ryrie)_-_FeelX_(2)_spectrogram.png,Electronic,35.40436
What_Is_This_Life_For-_Final_Master_-_Michael_C._Jones_(3)_spectrogram.png,Other,25.469461
When_I_Fade_Out_-_The_Ambient_Light (1)_spectrogram.png,Pop,23.772137
When_I_Fade_Out_-_The_Ambient_Light_spectrogram.png,Pop,24.1248
When_I_Saw_You_Dance_-_Sam_Garbett_spectrogram.png,Pop,27.918798
When_Love_Is_Right_-_Songwriterz_(2)_spectrogram.png,Pop,36.78959
When_the_snow_falls..._-_Ralf_G._spectrogram.png,Electronic,31.20329
When_You_Kneel_-_Studio_in_the_Sticks_(2)_spectrogram.png,Electronic,22.980968
White_Knight_-_ebunny_spectrogram.png,Other,63.4327
Who_Am_I_-_Rubbish_Rabbits_spectrogram.png,Other,27.403091
Wild_Geese_-_Jill_Zimmerman_spectrogram.png,Classical,26.390043
Wing_Man_-_Album_Flight_-_Artist_Dan_Davies_-_Dan_Davies_spectrogram.png,Other,36.59438
Winter_-_Carrying_Goodness_spectrogram.png,Pop,22.717009
Winter_Dream_-_GoldenAntelope_spectrogram.png,Other,84.01162
With_You_-_Color_Out_spectrogram.png,Pop,30.948654
World_Is_Mine_-_Anitek_spectrogram.png,Electronic,45.01214
Worth_It_-_Color_Out_spectrogram.png,Other,36.89971
Wrap_-_Tony_VENDDER_(2)_spectrogram.png,Other,37.655525
Wundersames_Versteckspiel_-_matthesmusic_spectrogram.png,Classical,50.240696
XENEZE_-_XENEZE_-_Hush_spectrogram.png,Pop,28.117258
Yellow_-_Sam_Opoku_spectrogram.png,Electronic,28.943861
Yellow_Marine_-_huntclub_spectrogram.png,Other,22.34353
Yigit_Atilla_-_Love_Frequency_spectrogram.png,Other,47.75982
Young_Blood_-_Lo-Fi_Chill_Hip_Hop_(Full_Track_-_No_Vocal)_-_Ronin_Production_spectrogram.png,Electronic,30.321854
Your_Loves_Got_Me_Blinded_-_Noelle_Chiodo (1)_spectrogram.png,Electronic,27.29001
Your_Loves_Got_Me_Blinded_-_Noelle_Chiodo_spectrogram.png,Electronic,27.251417
Youth_-_Back_On_Earth (1)_spectrogram.png,Pop,25.963518
Youth_-_Back_On_Earth_spectrogram.png,Pop,24.959608
Youth_Alternate_Version_V2.1_-_Back_On_Earth_spectrogram.png,Pop,26.901453
You_-_Giovanna_Crescenzo_spectrogram.png,Electronic,24.834028
You_Can_Do_Anything_-_MyWay_spectrogram.png,Other,30.532011
You_May_Kill_The_Bride_-_Ianwill_spectrogram.png,Pop,25.898603
You_The_Best_(Remix)_Feat._Young_Redd_-_Young_Keys_of_YRP_spectrogram.png,Electronic,23.245584
You_Were_You_-_Kara_Square_and_Piero_Peluche_spectrogram.png,Electronic,47.928284
YO_NO_QUIERO_CASARME_-_DURO_MAMBO_(SALSA_-_merengue_-_mambo_-_latin_-_salsa)_-_DURO_MAMBO_spectrogram.png,Electronic,20.401203
Zaranka_-_Space_Jam_spectrogram.png,Other,55.77864
Zarathustra_(Live)_-_SadMe_spectrogram.png,Other,33.061947
Zoo_Discovery_-_ARNISOUND_spectrogram.png,Other,48.28062
Zuzu's_Petals_-_Temperature_Falls_(2)_spectrogram.png,Electronic,35.77484
[n]_-_Coastline_spectrogram.png,Other,40.3201
[n]_-_Dreams_spectrogram.png,Other,45.650814
Éclats_de_Vers_-_Rhumantik (1)_spectrogram.png,Other,25.525558
Éclats_de_Vers_-_Rhumantik (2)_spectrogram.png,Other,25.534748
Éclats_de_Vers_-_Rhumantik_spectrogram.png,Other,25.612614
Øraeth_-_still_falling_spectrogram.png,Other,58.27886
Адовый_Мужик_-_Вселенная_воина_-__(2117)_spectrogram.png,Other,35.8351
Вдвоём_-_Anna_Niagara_(2)_spectrogram.png,Pop,22.5825
Ко$мон@вт_-_Маг_-_S_a_spectrogram.png,Pop,24.71534
МЯУ_-_SMS_spectrogram.png,Pop,29.179934
РТУТЬ_-_Хьюстон_-__(2712) (1)_spectrogram.png,Pop,29.63057
РТУТЬ_-_Хьюстон_-__(2712)_spectrogram.png,Pop,29.78586
